iter,time,loss,loss_reg
0,22,22.001476,0.038355693
10,29,26.953808,0.038355697
20,29,27.62052,0.03835569
30,30,27.38117,0.038355697
40,30,24.97739,0.038355697
50,30,25.972534,0.038355697
60,30,26.48611,0.0383557
70,31,26.267258,0.0383557
80,31,27.065567,0.0383557
90,31,26.442219,0.0383557
100,31,26.52312,0.038355704
110,31,26.075724,0.038355704
120,31,26.640991,0.038355704
130,31,26.350855,0.038355704
140,31,25.234547,0.038355704
150,31,25.437214,0.038355704
160,31,26.40306,0.038355704
170,31,25.007828,0.038355704
180,31,25.84019,0.038355704
190,31,25.629192,0.038355704
200,31,26.17421,0.038355704
210,31,25.150867,0.038355704
220,31,25.137701,0.038355704
230,31,25.015886,0.038355708
240,31,26.312046,0.038355704
250,31,24.99519,0.038355704
260,31,27.612814,0.038355708
270,31,25.428968,0.038355708
280,31,25.827667,0.038355708
290,31,25.624979,0.03835571
300,31,25.016827,0.03835571
310,31,26.080425,0.03835571
320,31,26.679062,0.03835571
330,31,26.301758,0.03835571
340,31,26.257965,0.038355716
350,31,25.256062,0.038355716
360,31,26.748722,0.038355727
370,31,25.195776,0.03835573
380,31,25.505901,0.038355734
390,31,25.073488,0.038355738
400,31,25.047937,0.038355738
410,31,25.426563,0.03835574
420,31,25.981586,0.03835574
430,31,25.14768,0.038355757
440,31,25.909937,0.03835576
450,31,25.048473,0.038355764
460,31,24.459278,0.038355764
470,31,25.378267,0.038355768
480,31,24.851194,0.03835577
490,31,25.942541,0.038355783
500,31,24.205593,0.038355794
510,31,25.208683,0.038355794
520,31,25.981958,0.038355798
530,31,23.296177,0.038355805
540,31,24.537193,0.03835582
550,31,24.588223,0.038355824
560,31,25.115442,0.038355827
570,31,24.51279,0.03835584
580,31,25.123196,0.03835585
590,31,25.053083,0.038355857
600,31,24.292145,0.03835587
610,31,24.392677,0.03835588
620,31,24.538557,0.038355887
630,31,26.513224,0.038355894
640,31,25.15003,0.03835591
650,31,24.58077,0.038355917
660,31,25.577875,0.038355935
670,31,24.717777,0.038355947
680,31,24.300524,0.038355965
690,31,23.127485,0.038355973
700,31,24.344866,0.038355995
710,31,25.32791,0.038356006
720,31,23.651604,0.038356025
730,31,24.158117,0.038356036
740,31,23.591059,0.03835606
750,31,23.613522,0.03835607
760,31,25.20903,0.03835609
770,31,24.967833,0.038356114
780,31,24.705069,0.038356125
790,31,24.306086,0.038356148
800,31,24.534985,0.038356174
810,31,23.044634,0.0383562
820,31,23.252369,0.038356215
830,31,23.855873,0.03835624
840,31,23.888327,0.038356267
850,31,23.37887,0.038356293
860,31,23.882305,0.03835632
870,31,23.350758,0.03835635
880,31,24.123383,0.038356375
890,31,23.91991,0.0383564
900,31,23.545084,0.03835643
910,31,22.67004,0.038356464
920,31,24.082209,0.038356494
930,31,24.0031,0.038356528
940,31,23.880543,0.03835656
950,31,23.221245,0.038356595
960,31,23.159685,0.038356636
970,31,22.702702,0.03835667
980,31,22.032297,0.038356707
990,31,23.123972,0.038356744
1000,31,22.811487,0.038356785
1010,31,22.826532,0.038356822
1020,31,21.875456,0.038356863
1030,31,24.710726,0.038356908
1040,31,22.652937,0.03835694
1050,31,22.280947,0.038356982
1060,31,22.531794,0.03835703
1070,31,22.529196,0.03835707
1080,31,22.504509,0.03835712
1090,31,22.337587,0.03835717
1100,31,21.874313,0.038357213
1110,31,22.88204,0.038357265
1120,31,21.678413,0.03835731
1130,31,21.372059,0.03835736
1140,31,21.680233,0.038357414
1150,31,21.053537,0.038357455
1160,31,21.040148,0.038357507
1170,31,21.792728,0.038357563
1180,31,20.875982,0.03835761
1190,31,20.841438,0.038357664
1200,31,20.356617,0.038357716
1210,31,21.543749,0.038357772
1220,31,22.150007,0.038357828
1230,31,21.417048,0.038357884
1240,31,21.81905,0.038357936
1250,31,21.803675,0.03835799
1260,31,21.722767,0.03835805
1270,31,20.651175,0.038358107
1280,31,21.45924,0.038358163
1290,31,20.954586,0.038358223
1300,31,19.673153,0.03835828
1310,31,19.396961,0.03835834
1320,31,20.712471,0.038358398
1330,31,21.276396,0.038358457
1340,31,20.520313,0.038358517
1350,31,19.804365,0.038358577
1360,31,20.047127,0.038358636
1370,31,19.746878,0.038358696
1380,31,20.835196,0.03835876
1390,31,19.869358,0.03835882
1400,31,19.464539,0.038358886
1410,31,18.92418,0.038358953
1420,31,19.489029,0.038359016
1430,31,18.52131,0.038359083
1440,31,18.464344,0.038359143
1450,31,19.391571,0.038359206
1460,31,18.78474,0.038359273
1470,31,19.386814,0.038359337
1480,31,19.60428,0.038359407
1490,31,19.644934,0.03835947
1500,31,19.446932,0.038359534
1510,31,18.556797,0.0383596
1520,31,18.154549,0.038359664
1530,31,19.62965,0.03835973
1540,31,18.588509,0.0383598
1550,31,19.548351,0.03835986
1560,31,18.657406,0.038359933
1570,31,19.439846,0.03836
1580,31,18.290043,0.038360063
1590,31,18.291004,0.038360126
1600,31,18.601469,0.03836019
1610,31,17.949383,0.038360257
1620,31,17.670874,0.03836033
1630,31,18.273188,0.038360395
1640,31,17.03123,0.038360454
1650,31,18.244217,0.038360525
1660,31,18.547438,0.038360596
1670,31,18.185326,0.038360663
1680,31,18.440945,0.03836073
1690,31,17.727396,0.038360804
1700,31,17.217728,0.03836087
1710,31,17.280018,0.038360935
1720,31,17.316395,0.038361
1730,31,17.351871,0.03836107
1740,31,16.78584,0.038361132
1750,31,16.920898,0.0383612
1760,31,17.167795,0.03836126
1770,31,17.648352,0.03836133
1780,31,18.079027,0.038361393
1790,31,17.661198,0.038361453
1800,31,16.544605,0.03836152
1810,31,17.253944,0.03836158
1820,31,16.498375,0.038361643
1830,31,16.376644,0.038361706
1840,31,17.937645,0.038361765
1850,31,16.638481,0.038361825
1860,31,17.423214,0.038361885
1870,31,16.426952,0.038361948
1880,31,16.826626,0.038362008
1890,31,15.430153,0.03836207
1900,31,16.580713,0.038362127
1910,31,16.495384,0.038362194
1920,31,17.132175,0.038362253
1930,31,15.638097,0.03836231
1940,31,17.63673,0.038362365
1950,31,15.489828,0.03836242
1960,31,15.645892,0.03836248
1970,31,17.409916,0.038362525
1980,31,15.6170025,0.038362585
1990,31,15.335634,0.038362637
2000,31,16.918535,0.038362682
2010,31,16.055698,0.03836274
2020,31,16.874218,0.03836279
2030,31,16.130741,0.038362842
2040,31,16.962494,0.038362898
2050,31,16.653545,0.038362943
2060,31,16.772907,0.03836299
2070,31,15.392046,0.038363036
2080,31,16.087482,0.038363084
2090,31,16.10834,0.038363136
2100,31,16.146408,0.038363177
2110,31,15.283812,0.038363215
2120,31,16.828844,0.038363263
2130,31,14.9873295,0.038363308
2140,31,14.825688,0.038363352
2150,31,16.326477,0.038363393
2160,31,16.530394,0.038363438
2170,31,16.008419,0.03836348
2180,31,15.654635,0.03836352
2190,31,15.413877,0.03836356
2200,31,14.530673,0.0383636
2210,31,15.401537,0.038363643
2220,31,15.026647,0.038363684
2230,31,15.567177,0.038363725
2240,31,15.180124,0.03836377
2250,31,15.603088,0.03836381
2260,31,15.443912,0.038363855
2270,31,14.753639,0.038363896
2280,31,15.721286,0.038363945
2290,31,14.85524,0.038363986
2300,31,15.652908,0.038364023
2310,31,15.227381,0.038364064
2320,31,14.5983,0.0383641
2330,31,14.94234,0.038364135
2340,31,15.678919,0.03836418
2350,31,15.886679,0.038364217
2360,31,15.650055,0.038364254
2370,31,15.454233,0.038364284
2380,31,15.365477,0.038364317
2390,31,15.686427,0.038364355
2400,31,14.9692,0.03836439
2410,31,14.749031,0.038364425
2420,31,14.580009,0.03836446
2430,31,15.371872,0.038364492
2440,31,14.980891,0.038364533
2450,31,14.443959,0.03836457
2460,31,14.475328,0.038364604
2470,31,14.611178,0.03836464
2480,31,13.794287,0.03836467
2490,31,15.231624,0.038364712
2500,31,14.915522,0.03836475
2510,31,15.365199,0.038364783
2520,31,15.589322,0.03836482
2530,31,15.570547,0.03836485
2540,31,16.07028,0.03836488
2550,31,15.067599,0.03836491
2560,31,14.429886,0.038364954
2570,31,14.487513,0.038364988
2580,31,14.04157,0.03836502
2590,31,13.858606,0.038365055
2600,31,14.512095,0.038365096
2610,31,14.716817,0.03836513
2620,31,14.6158905,0.03836517
2630,31,14.490537,0.038365204
2640,31,14.562961,0.038365234
2650,31,13.735873,0.038365267
2660,31,14.719109,0.038365297
2670,31,14.204944,0.038365334
2680,31,14.245062,0.03836536
2690,31,14.566495,0.0383654
2700,31,14.117322,0.038365435
2710,31,15.709142,0.038365465
2720,31,14.917488,0.038365502
2730,31,14.414136,0.03836553
2740,31,14.737511,0.03836556
2750,31,14.201965,0.038365595
2760,31,14.563556,0.038365625
2770,31,14.888072,0.038365655
2780,31,14.228757,0.038365684
2790,31,14.203024,0.038365714
2800,31,13.86265,0.038365748
2810,31,14.607066,0.038365778
2820,31,14.559248,0.03836581
2830,31,13.558769,0.03836585
2840,31,15.012152,0.038365886
2850,31,14.627179,0.038365915
2860,31,14.532476,0.03836595
2870,31,14.344011,0.03836598
2880,31,12.978849,0.03836601
2890,31,14.388789,0.038366042
2900,31,14.53705,0.038366072
2910,31,14.234749,0.0383661
2920,31,14.045034,0.038366128
2930,31,13.775968,0.038366158
2940,31,15.3178,0.03836618
2950,31,13.378708,0.0383662
2960,31,13.963053,0.038366225
2970,31,12.975431,0.03836625
2980,31,14.542523,0.03836628
2990,31,13.685521,0.038366307
3000,31,14.606422,0.038366325
3010,31,13.534105,0.038366344
3020,31,13.945953,0.03836637
3030,31,13.904755,0.0383664
3040,31,13.115389,0.038366426
3050,31,13.888025,0.038366444
3060,31,13.715506,0.038366474
3070,31,13.648913,0.038366497
3080,31,13.541199,0.038366534
3090,31,13.885983,0.038366556
3100,31,13.388901,0.038366586
3110,31,13.515063,0.038366616
3120,31,12.79674,0.038366653
3130,31,12.175834,0.038366683
3140,31,13.063898,0.03836672
3150,31,13.257138,0.038366754
3160,31,13.804436,0.038366787
3170,31,14.119118,0.038366817
3180,31,14.681279,0.038366847
3190,31,13.720558,0.038366877
3200,31,12.706088,0.038366906
3210,31,13.381929,0.03836694
3220,31,13.466092,0.038366966
3230,31,13.198321,0.038366996
3240,31,13.659839,0.038367026
3250,31,13.829462,0.038367055
3260,31,14.980443,0.038367085
3270,31,13.858243,0.03836711
3280,31,13.1064625,0.038367134
3290,31,13.9390135,0.038367156
3300,31,13.119833,0.03836718
3310,31,12.559829,0.038367204
3320,31,13.3640995,0.038367234
3330,31,14.518324,0.038367264
3340,31,13.575163,0.038367294
3350,31,12.757511,0.03836732
3360,31,13.65842,0.03836735
3370,31,13.078085,0.03836738
3380,31,13.338758,0.0383674
3390,31,14.009851,0.038367428
3400,31,12.706944,0.038367447
3410,31,13.8196125,0.038367473
3420,31,14.051288,0.0383675
3430,31,13.520559,0.03836753
3440,31,12.437989,0.03836754
3450,31,12.321446,0.038367562
3460,31,13.551048,0.03836759
3470,31,13.397873,0.038367618
3480,31,13.494634,0.03836763
3490,31,13.926892,0.03836765
3500,31,13.64568,0.038367677
3510,31,12.319418,0.03836769
3520,31,13.771601,0.03836771
3530,31,13.173945,0.03836774
3540,31,13.775128,0.038367763
3550,31,14.391309,0.038367778
3560,31,12.782845,0.0383678
3570,31,12.930127,0.038367826
3580,31,13.191887,0.03836785
3590,31,13.733269,0.038367875
3600,31,12.965398,0.038367894
3610,31,13.292036,0.03836792
3620,31,13.063843,0.03836795
3630,31,12.986531,0.038367976
3640,31,13.054845,0.038368
3650,31,13.658292,0.038368024
3660,31,13.174192,0.038368046
3670,31,13.720146,0.03836807
3680,31,12.684939,0.03836809
3690,31,13.200702,0.038368106
3700,31,13.090813,0.03836813
3710,31,12.898703,0.038368154
3720,31,13.738553,0.038368165
3730,31,12.530101,0.038368188
3740,31,12.353216,0.038368214
3750,31,13.484311,0.038368225
3760,31,12.808812,0.038368244
3770,31,13.676405,0.038368262
3780,31,13.054156,0.03836828
3790,31,13.07916,0.038368303
3800,31,13.388876,0.038368322
3810,31,13.358793,0.03836834
3820,31,13.206195,0.038368367
3830,31,12.991666,0.03836838
3840,31,13.095854,0.038368396
3850,31,13.466354,0.038368426
3860,31,13.036679,0.038368445
3870,31,12.844296,0.038368467
3880,31,13.302023,0.038368486
3890,31,13.075717,0.038368512
3900,31,12.840489,0.038368538
3910,31,12.455399,0.038368553
3920,31,12.542147,0.038368575
3930,31,12.336597,0.038368605
3940,31,12.658654,0.038368624
3950,31,13.686821,0.038368642
3960,31,13.393473,0.03836867
3970,31,12.64049,0.03836869
3980,31,13.195038,0.038368702
3990,31,13.2000065,0.038368728
4000,31,11.988699,0.038368747
4010,31,13.601135,0.038368758
4020,31,12.695829,0.03836878
4030,31,12.318377,0.03836881
4040,31,12.668636,0.03836882
4050,31,12.477215,0.038368843
4060,31,13.264308,0.03836887
4070,31,12.776584,0.03836889
4080,31,12.97363,0.038368907
4090,31,12.907239,0.038368933
4100,31,13.17836,0.03836896
4110,31,12.92027,0.03836897
4120,31,12.758386,0.038368993
4130,31,13.435053,0.038369
4140,31,12.923746,0.038369026
4150,31,12.859016,0.03836905
4160,31,12.630459,0.03836906
4170,31,12.2649,0.03836908
4180,31,12.99292,0.03836909
4190,31,12.878713,0.038369115
4200,31,12.434484,0.038369138
4210,31,12.96476,0.038369156
4220,31,13.263928,0.03836917
4230,31,13.035097,0.038369186
4240,31,13.162578,0.038369205
4250,31,13.722036,0.038369227
4260,31,12.259184,0.038369246
4270,31,13.247156,0.03836926
4280,31,12.949493,0.03836928
4290,31,13.021011,0.038369294
4300,31,12.382936,0.03836932
4310,31,12.977191,0.038369346
4320,31,12.661011,0.03836937
4330,31,12.502531,0.038369384
4340,31,13.07764,0.03836941
4350,31,13.064824,0.038369436
4360,31,12.521457,0.03836946
4370,31,11.670837,0.038369473
4380,31,12.757457,0.038369495
4390,31,12.1952305,0.038369507
4400,31,12.759104,0.038369533
4410,31,12.834597,0.038369555
4420,31,12.987154,0.03836957
4430,31,13.035487,0.03836959
4440,31,12.544147,0.038369615
4450,31,12.187365,0.038369633
4460,31,12.632772,0.03836965
4470,31,12.340407,0.038369663
4480,31,12.0256195,0.03836968
4490,31,13.252029,0.038369704
4500,31,13.273524,0.038369715
4510,31,12.277648,0.03836973
4520,31,12.136648,0.038369745
4530,31,13.185097,0.038369764
4540,31,13.197881,0.03836977
4550,31,12.653106,0.038369782
4560,31,13.242134,0.0383698
4570,31,12.659463,0.038369823
4580,31,12.092975,0.03836983
4590,31,12.390741,0.038369842
4600,31,11.842741,0.03836986
4610,31,13.027975,0.038369887
4620,31,12.511258,0.0383699
4630,31,13.953138,0.038369916
4640,31,12.552096,0.038369924
4650,31,12.983276,0.03836995
4660,31,12.703058,0.038369976
4670,31,12.600229,0.038369983
4680,31,12.444507,0.038370006
4690,31,12.949213,0.038370024
4700,31,12.63754,0.038370043
4710,31,12.667151,0.038370065
4720,31,12.351019,0.038370073
4730,31,12.518898,0.038370095
4740,31,13.0974,0.03837012
4750,31,12.565357,0.038370132
4760,31,11.898438,0.038370155
4770,31,13.055684,0.038370166
4780,31,12.861056,0.03837019
4790,31,12.180481,0.038370203
4800,31,11.982611,0.03837022
4810,31,12.865008,0.038370244
4820,31,12.503983,0.03837026
4830,31,12.135484,0.038370278
4840,31,11.905334,0.038370304
4850,31,11.6313,0.038370326
4860,31,12.820379,0.03837034
4870,31,12.011583,0.038370363
4880,31,12.1123,0.038370386
4890,31,12.970782,0.0383704
4900,31,12.667793,0.038370423
4910,31,12.373968,0.03837043
4920,31,12.125888,0.038370453
4930,31,12.499791,0.03837048
4940,31,12.912628,0.03837049
4950,31,12.548027,0.038370512
4960,31,11.570691,0.03837054
4970,31,12.321154,0.03837055
4980,31,12.641025,0.038370572
4990,31,11.8152485,0.038370587
5000,32,12.533831,0.038370606
5010,31,12.546511,0.038370628
5020,31,12.143002,0.03837064
5030,31,12.199148,0.03837066
5040,31,12.446203,0.038370688
5050,31,11.9913845,0.0383707
5060,31,12.338165,0.038370717
5070,31,12.239404,0.038370743
5080,31,12.874247,0.03837076
5090,31,13.12084,0.03837078
5100,31,12.088348,0.038370788
5110,31,12.330108,0.038370814
5120,31,11.808329,0.038370837
5130,31,12.616392,0.038370848
5140,31,12.724686,0.03837087
5150,31,11.895136,0.038370878
5160,31,12.025089,0.0383709
5170,31,12.168124,0.038370926
5180,31,12.81177,0.038370937
5190,31,11.757413,0.03837096
5200,31,12.342135,0.03837097
5210,31,11.866266,0.03837099
5220,31,12.188994,0.038371015
5230,31,12.554208,0.038371027
5240,31,12.219099,0.03837105
5250,31,12.562535,0.03837107
5260,31,12.05393,0.038371086
5270,31,12.271298,0.03837111
5280,31,12.389492,0.038371135
5290,31,12.02761,0.038371142
5300,31,12.714014,0.038371164
5310,31,12.291273,0.038371176
5320,31,12.095793,0.038371198
5330,31,12.643385,0.038371205
5340,31,12.549276,0.038371228
5350,31,12.297482,0.038371246
5360,31,12.2941885,0.038371257
5370,31,12.506849,0.038371265
5380,31,12.321849,0.038371287
5390,31,11.987818,0.038371306
5400,31,11.85367,0.038371317
5410,31,12.077411,0.03837133
5420,31,11.988948,0.038371347
5430,31,11.933155,0.038371354
5440,31,12.138741,0.038371377
5450,31,12.715748,0.03837139
5460,31,11.437061,0.038371406
5470,31,12.734297,0.038371425
5480,31,12.968951,0.03837144
5490,31,12.144889,0.03837146
5500,31,12.02898,0.038371474
5510,31,12.141618,0.038371496
5520,31,12.129573,0.03837151
5530,31,12.348225,0.03837153
5540,31,12.089331,0.03837155
5550,31,11.498518,0.03837158
5560,31,12.142162,0.0383716
5570,31,12.820877,0.03837162
5580,31,11.575698,0.03837164
5590,31,12.479215,0.038371664
5600,31,11.287331,0.03837168
5610,31,12.206151,0.038371705
5620,31,12.139778,0.038371727
5630,31,12.142203,0.038371738
5640,31,11.2652645,0.038371764
5650,31,11.821187,0.03837178
5660,31,12.611068,0.038371798
5670,31,12.258082,0.03837182
5680,31,12.511097,0.038371827
5690,31,12.758172,0.038371854
5700,31,12.288911,0.03837186
5710,31,11.769987,0.03837188
5720,31,11.426245,0.0383719
5730,31,11.614138,0.038371913
5740,31,12.916049,0.03837192
5750,31,11.002635,0.038371943
5760,31,12.885582,0.038371958
5770,31,12.090049,0.038371976
5780,31,11.883393,0.038371988
5790,31,11.078161,0.038372006
5800,31,12.56975,0.03837203
5810,31,12.320593,0.03837204
5820,31,11.940531,0.038372062
5830,31,11.856717,0.03837209
5840,31,12.020361,0.0383721
5850,31,11.4075985,0.03837212
5860,31,12.624109,0.038372137
5870,31,12.363764,0.03837215
5880,31,11.314993,0.03837216
5890,31,11.671537,0.03837218
5900,31,11.47648,0.038372193
5910,31,12.145427,0.03837221
5920,31,12.081758,0.03837222
5930,31,12.252135,0.03837224
5940,31,11.970728,0.038372267
5950,31,11.7216625,0.03837228
5960,31,12.101389,0.0383723
5970,31,11.540169,0.03837232
5980,31,11.554247,0.038372338
5990,31,11.620295,0.03837236
6000,31,12.378727,0.038372386
6010,31,12.364054,0.03837239
6020,31,12.069638,0.038372416
6030,31,12.26102,0.038372427
6040,31,11.79257,0.038372446
6050,31,11.59059,0.038372457
6060,31,11.737403,0.03837248
6070,31,12.65342,0.038372487
6080,31,12.46039,0.038372505
6090,31,12.388989,0.038372517
6100,31,11.753234,0.03837254
6110,31,12.626089,0.038372565
6120,31,11.79183,0.038372573
6130,31,12.27223,0.03837259
6140,31,12.078845,0.038372602
6150,31,12.142396,0.038372625
6160,31,12.225067,0.038372636
6170,31,12.01488,0.038372654
6180,31,11.465529,0.038372662
6190,31,12.337761,0.038372684
6200,31,12.157106,0.038372688
6210,31,12.054895,0.038372707
6220,31,12.089082,0.03837272
6230,31,11.7867565,0.038372736
6240,31,11.759886,0.03837275
6250,31,12.628264,0.038372755
6260,31,11.888247,0.038372777
6270,31,11.831438,0.038372785
6280,31,11.161708,0.038372807
6290,31,11.955299,0.038372815
6300,31,11.400031,0.038372837
6310,31,11.961397,0.03837284
6320,31,11.887199,0.038372856
6330,31,12.163799,0.038372874
6340,31,11.229258,0.038372893
6350,31,11.259411,0.0383729
6360,31,12.281343,0.038372923
6370,31,12.253656,0.03837293
6380,31,11.319864,0.038372952
6390,31,11.384794,0.03837296
6400,31,11.953399,0.038372982
6410,31,11.39691,0.03837299
6420,31,11.757093,0.038373012
6430,31,12.485425,0.038373023
6440,31,12.228334,0.038373042
6450,31,11.521174,0.03837305
6460,31,12.552686,0.038373053
6470,31,11.56741,0.038373075
6480,31,12.262119,0.038373083
6490,31,11.315603,0.038373105
6500,31,11.731313,0.038373113
6510,31,11.297721,0.038373135
6520,31,12.729526,0.038373142
6530,31,11.760785,0.03837316
6540,31,11.286074,0.038373172
6550,31,11.550339,0.038373195
6560,31,12.322872,0.03837321
6570,31,11.988215,0.038373224
6580,31,11.312326,0.03837324
6590,31,12.203782,0.038373258
6600,31,11.698457,0.03837328
6610,31,11.502234,0.038373288
6620,31,12.76275,0.03837329
6630,31,11.466123,0.038373314
6640,31,11.996363,0.03837332
6650,31,12.138738,0.03837334
6660,31,12.28088,0.038373347
6670,31,12.107883,0.03837336
6680,31,11.829269,0.038373377
6690,31,11.99806,0.038373392
6700,31,11.975788,0.03837341
6710,31,11.726525,0.038373422
6720,31,11.681532,0.038373437
6730,31,11.992483,0.03837346
6740,31,12.390486,0.038373467
6750,31,12.462267,0.038373478
6760,31,11.189235,0.038373496
6770,31,11.621536,0.0383735
6780,31,10.949651,0.03837352
6790,31,11.250301,0.038373526
6800,31,11.452423,0.03837355
6810,31,12.037184,0.03837356
6820,31,11.468953,0.038373582
6830,31,11.770956,0.03837359
6840,31,11.543553,0.038373612
6850,31,11.774897,0.03837363
6860,31,11.450464,0.03837365
6870,31,11.232323,0.038373664
6880,31,11.193174,0.03837368
6890,31,12.097732,0.038373698
6900,31,13.138376,0.038373716
6910,31,11.952412,0.03837373
6920,31,11.635689,0.03837374
6930,31,11.771881,0.03837376
6940,31,12.108376,0.03837377
6950,31,12.455652,0.038373776
6960,31,11.946051,0.038373794
6970,31,11.573933,0.03837382
6980,31,11.332394,0.038373824
6990,31,12.013737,0.03837384
7000,31,12.162127,0.038373854
7010,31,11.990314,0.03837388
7020,31,12.249286,0.038373884
7030,31,11.611544,0.03837389
7040,31,11.84958,0.03837391
7050,31,10.863289,0.038373917
7060,31,11.634172,0.038373936
7070,31,11.9754095,0.038373947
7080,31,11.239821,0.038373955
7090,31,11.415094,0.038373973
7100,31,11.28975,0.038373996
7110,31,12.231003,0.038374003
7120,31,11.5642605,0.038374025
7130,31,12.026383,0.038374044
7140,31,12.370943,0.03837406
7150,31,12.147753,0.038374066
7160,31,12.296976,0.038374085
7170,31,10.789579,0.038374096
7180,31,11.263475,0.038374115
7190,31,12.62108,0.038374122
7200,31,11.595373,0.038374126
7210,31,10.935705,0.038374145
7220,31,11.78353,0.038374152
7230,31,11.621013,0.038374167
7240,31,11.635926,0.038374178
7250,31,11.230373,0.038374186
7260,31,10.960776,0.038374204
7270,31,11.728748,0.038374215
7280,31,11.808492,0.038374238
7290,31,11.954166,0.038374245
7300,31,11.599745,0.038374264
7310,31,10.845478,0.038374282
7320,31,11.747995,0.038374297
7330,31,11.168108,0.038374312
7340,31,12.00939,0.03837433
7350,31,11.697287,0.038374353
7360,31,12.359868,0.038374364
7370,31,11.641607,0.038374383
7380,31,10.939871,0.0383744
7390,31,12.131479,0.038374417
7400,31,11.317839,0.038374424
7410,31,11.397802,0.038374446
7420,31,12.060114,0.038374454
7430,31,11.411644,0.038374476
7440,31,11.849337,0.038374484
7450,31,11.892389,0.038374495
7460,31,11.339354,0.03837451
7470,31,10.914209,0.038374532
7480,31,11.713958,0.038374543
7490,31,11.121138,0.03837455
7500,31,11.0493145,0.03837457
7510,31,10.985968,0.03837459
7520,31,12.724122,0.038374603
7530,31,12.116603,0.038374618
7540,31,11.720438,0.03837463
7550,31,12.06226,0.03837465
7560,31,10.92079,0.038374662
7570,31,11.397715,0.03837468
7580,31,10.806781,0.038374692
7590,31,11.917771,0.03837471
7600,31,11.603294,0.03837472
7610,31,12.190451,0.03837473
7620,31,11.738897,0.038374748
7630,31,11.605011,0.038374763
7640,31,11.504278,0.038374774
7650,31,11.71979,0.03837478
7660,31,11.67602,0.0383748
7670,31,11.552277,0.038374808
7680,31,11.127378,0.03837482
7690,31,11.794414,0.038374834
7700,31,11.385577,0.03837485
7710,31,11.341564,0.038374864
7720,31,11.359101,0.03837487
7730,31,12.037256,0.038374893
7740,31,11.4084835,0.03837491
7750,31,11.226899,0.038374927
7760,31,11.92218,0.038374938
7770,31,11.57177,0.038374957
7780,31,11.605469,0.038374968
7790,31,12.087768,0.038374986
7800,31,11.809247,0.038374998
7810,31,11.453238,0.038375013
7820,31,11.455663,0.038375027
7830,31,11.300928,0.038375042
7840,31,11.064119,0.03837505
7850,31,10.839052,0.038375072
7860,31,11.598822,0.038375087
7870,31,11.227839,0.038375102
7880,31,12.875597,0.038375113
7890,31,12.361659,0.03837513
7900,31,11.212027,0.03837514
7910,31,11.603191,0.03837516
7920,31,11.86944,0.03837517
7930,31,11.527489,0.038375188
7940,31,11.071515,0.0383752
7950,31,11.214711,0.038375217
7960,31,11.506919,0.03837523
7970,31,10.933939,0.03837525
7980,31,11.203077,0.03837526
7990,31,11.86103,0.038375277
8000,31,10.944101,0.03837529
8010,31,11.689926,0.038375307
8020,31,11.007303,0.038375318
8030,31,11.503382,0.03837534
8040,31,11.7702265,0.038375344
8050,31,11.890831,0.03837535
8060,31,12.114441,0.03837537
8070,31,11.120823,0.038375378
8080,31,10.689603,0.038375385
8090,31,11.596324,0.0383754
8100,31,11.609795,0.038375404
8110,31,10.843717,0.038375426
8120,31,10.873235,0.038375437
8130,31,10.458246,0.03837546
8140,31,11.139067,0.038375475
8150,31,11.414809,0.03837549
8160,31,11.897214,0.038375515
8170,31,11.888752,0.038375523
8180,31,10.846404,0.038375545
8190,31,11.507663,0.038375556
8200,31,11.024497,0.03837558
8210,31,11.617668,0.038375586
8220,31,11.538545,0.038375597
8230,31,11.437399,0.038375612
8240,31,11.885009,0.038375624
8250,31,11.55879,0.03837564
8260,31,11.047922,0.038375642
8270,31,11.699966,0.038375653
8280,31,11.378229,0.03837567
8290,31,11.69925,0.038375676
8300,31,11.211281,0.038375687
8310,31,11.287007,0.038375694
8320,31,11.594848,0.038375705
8330,31,11.569373,0.038375717
8340,31,11.162935,0.03837573
8350,31,11.080614,0.03837575
8360,31,11.098227,0.03837576
8370,31,11.570756,0.038375765
8380,31,11.071183,0.038375784
8390,31,10.926769,0.038375795
8400,31,11.952869,0.03837581
8410,31,11.210731,0.03837582
8420,31,11.220602,0.038375825
8430,31,11.430517,0.038375843
8440,31,10.783411,0.03837585
8450,31,11.607226,0.038375862
8460,31,11.021017,0.03837588
8470,31,11.075144,0.038375903
8480,31,12.071878,0.03837591
8490,31,10.769022,0.038375933
8500,31,11.29789,0.038375944
8510,31,10.734494,0.038375966
8520,31,11.592065,0.038375992
8530,31,11.221053,0.038376004
8540,31,11.144907,0.038376022
8550,31,11.519203,0.038376026
8560,31,11.226633,0.038376044
8570,31,11.119868,0.03837606
8580,31,12.771336,0.03837608
8590,31,10.634308,0.038376085
8600,31,11.554405,0.038376093
8610,31,10.739988,0.03837611
8620,31,11.365553,0.038376123
8630,31,11.686038,0.03837614
8640,31,10.730597,0.038376153
8650,31,11.799905,0.03837617
8660,31,11.313026,0.03837618
8670,31,11.427378,0.038376186
8680,31,11.369501,0.038376205
8690,31,11.191086,0.038376212
8700,31,11.103602,0.038376234
8710,31,11.476147,0.038376242
8720,31,10.923324,0.038376253
8730,31,11.148664,0.038376264
8740,31,11.820173,0.038376275
8750,31,11.545947,0.038376298
8760,31,10.45334,0.03837631
8770,31,11.075869,0.038376324
8780,31,11.683218,0.03837633
8790,31,11.98666,0.038376354
8800,31,11.802663,0.03837636
8810,31,10.944318,0.03837638
8820,31,11.421724,0.03837639
8830,31,11.153116,0.03837641
8840,31,10.766935,0.038376413
8850,31,11.715728,0.03837642
8860,31,11.442798,0.038376443
8870,31,11.387319,0.03837645
8880,31,11.763729,0.038376473
8890,31,10.727671,0.03837648
8900,31,10.718445,0.038376495
8910,31,11.766197,0.038376506
8920,31,11.618721,0.03837652
8930,31,10.668883,0.038376536
8940,31,10.806193,0.038376547
8950,31,11.335668,0.038376562
8960,31,11.409289,0.03837657
8970,31,11.5162,0.03837659
8980,31,11.453947,0.038376596
8990,31,10.981569,0.03837662
9000,31,10.964801,0.038376626
9010,31,11.534565,0.038376648
9020,31,10.297555,0.038376655
9030,31,11.779885,0.038376678
9040,31,10.893625,0.03837669
9050,31,10.929225,0.0383767
9060,31,11.641144,0.038376715
9070,31,11.325589,0.03837674
9080,31,10.775872,0.03837675
9090,31,11.64014,0.038376767
9100,31,11.223906,0.038376775
9110,31,11.378071,0.038376797
9120,31,11.274103,0.038376804
9130,31,11.464698,0.038376812
9140,31,10.877639,0.03837683
9150,31,11.651514,0.038376838
9160,31,11.21684,0.038376857
9170,31,11.383909,0.03837686
9180,31,10.95479,0.038376864
9190,31,11.68373,0.038376875
9200,31,11.678731,0.03837689
9210,31,11.027643,0.038376894
9220,31,10.876168,0.0383769
9230,31,10.787819,0.03837692
9240,31,11.47625,0.038376924
9250,31,11.202054,0.038376946
9260,31,11.591261,0.038376953
9270,31,11.3341875,0.038376957
9280,31,11.520584,0.038376976
9290,31,11.373982,0.038376987
9300,31,10.301499,0.03837701
9310,31,10.927523,0.038377013
9320,31,10.919128,0.038377017
9330,31,11.9021225,0.038377035
9340,31,11.013001,0.038377047
9350,31,11.026891,0.03837707
9360,31,10.092027,0.038377076
9370,31,11.302449,0.038377084
9380,31,10.657191,0.0383771
9390,31,10.94192,0.038377114
9400,31,11.917749,0.03837713
9410,31,10.771572,0.038377136
9420,31,11.316673,0.038377155
9430,31,11.318644,0.038377162
9440,31,11.262326,0.038377166
9450,31,10.671922,0.038377192
9460,31,11.0803175,0.038377203
9470,31,11.457225,0.038377218
9480,31,11.431021,0.03837722
9490,31,11.629572,0.038377225
9500,31,11.514143,0.038377248
9510,31,11.302443,0.038377255
9520,31,11.433905,0.038377278
9530,31,11.101799,0.03837728
9540,31,11.31114,0.038377292
9550,31,11.428148,0.038377307
9560,31,11.593996,0.038377315
9570,31,11.480791,0.038377337
9580,31,10.777363,0.038377345
9590,31,10.567986,0.038377367
9600,31,11.206712,0.038377374
9610,31,11.472278,0.038377397
9620,31,10.616938,0.038377404
9630,31,11.794721,0.038377427
9640,31,11.180996,0.03837743
9650,31,11.268366,0.038377453
9660,31,11.582433,0.03837746
9670,31,10.221166,0.03837747
9680,31,11.151885,0.038377486
9690,31,11.594808,0.038377494
9700,31,10.100481,0.038377516
9710,31,10.938488,0.038377523
9720,31,11.926891,0.03837753
9730,31,11.200368,0.038377542
9740,31,11.426381,0.03837755
9750,31,10.931147,0.03837756
9760,31,10.873758,0.038377576
9770,31,11.471115,0.03837758
9780,31,11.621131,0.038377583
9790,31,12.017626,0.03837759
9800,31,11.471649,0.038377605
9810,31,10.768979,0.038377613
9820,31,10.930162,0.03837762
9830,31,10.748299,0.038377635
9840,31,11.737011,0.038377643
9850,31,10.857231,0.038377654
9860,31,11.354397,0.03837767
9870,31,10.726473,0.03837768
9880,31,11.108949,0.03837769
9890,31,10.723771,0.038377695
9900,31,10.38345,0.038377702
9910,31,10.944508,0.038377725
9920,31,10.958134,0.038377743
9930,31,11.313811,0.038377758
9940,31,11.107186,0.03837776
9950,31,10.773503,0.03837777
9960,31,10.698449,0.038377788
9970,31,10.732466,0.0383778
9980,31,10.836838,0.038377818
9990,31,11.219667,0.038377818
10000,32,10.782949,0.03837783
10010,31,11.253481,0.038377844
10020,31,11.186544,0.03837785
10030,31,11.06366,0.038377874
10040,31,11.402334,0.03837788
10050,31,11.55849,0.038377892
10060,31,10.884032,0.03837791
10070,31,10.945312,0.03837793
10080,31,11.097662,0.038377937
10090,31,11.192406,0.03837794
10100,31,11.3101635,0.038377963
10110,31,11.097165,0.038377967
10120,31,11.095367,0.03837799
10130,31,11.057625,0.038377993
10140,31,11.567934,0.038378
10150,31,11.459631,0.038378023
10160,31,11.44693,0.038378026
10170,31,10.898726,0.03837803
10180,31,10.538672,0.038378038
10190,31,10.986891,0.038378052
10200,31,11.273078,0.038378064
10210,31,11.494891,0.038378082
10220,31,10.848922,0.038378086
10230,31,11.18925,0.038378093
10240,31,11.245521,0.038378112
10250,31,10.745632,0.038378127
10260,31,10.776654,0.03837814
10270,31,11.371485,0.038378157
10280,31,11.63506,0.03837817
10290,31,10.649017,0.03837818
10300,31,11.103445,0.0383782
10310,31,11.683104,0.038378216
10320,31,10.66686,0.03837823
10330,31,10.947859,0.038378235
10340,31,11.635138,0.03837824
10350,31,11.550205,0.03837826
10360,31,11.085002,0.038378265
10370,31,11.20004,0.03837827
10380,31,10.721359,0.03837829
10390,31,11.369092,0.038378295
10400,31,11.718127,0.038378295
10410,31,10.784697,0.038378306
10420,31,10.685853,0.038378324
10430,31,11.672472,0.038378336
10440,31,9.871218,0.03837835
10450,31,11.1211,0.038378358
10460,31,11.012342,0.038378377
10470,31,10.59207,0.038378388
10480,31,10.939396,0.03837841
10490,31,11.217266,0.03837843
10500,31,11.209898,0.038378444
10510,31,11.482179,0.03837846
10520,31,10.754919,0.038378473
10530,31,11.329892,0.038378477
10540,31,11.342914,0.038378496
10550,31,11.0168915,0.038378503
10560,31,10.974288,0.038378526
10570,31,10.764341,0.03837853
10580,31,10.666736,0.038378537
10590,31,10.901709,0.038378544
10600,31,11.461041,0.03837856
10610,31,11.374232,0.038378567
10620,31,10.8088255,0.038378574
10630,31,10.955969,0.03837859
10640,31,11.803653,0.038378593
10650,31,10.993183,0.038378607
10660,31,10.550283,0.038378622
10670,31,10.513486,0.038378626
10680,31,11.383353,0.03837865
10690,31,11.248709,0.038378656
10700,31,10.477621,0.03837868
10710,31,11.38224,0.038378686
10720,31,11.01151,0.038378704
10730,31,11.014875,0.03837871
10740,31,11.12267,0.038378716
10750,31,11.383066,0.038378723
10760,31,10.7715845,0.038378738
10770,31,11.459622,0.038378745
10780,31,10.87159,0.038378764
10790,31,10.9939785,0.03837877
10800,31,10.316622,0.038378775
10810,31,11.0713825,0.038378794
10820,31,10.976207,0.038378805
10830,31,10.600148,0.038378824
10840,31,10.192934,0.03837883
10850,31,10.474089,0.038378842
10860,31,10.593754,0.038378857
10870,31,11.05052,0.038378865
10880,31,11.44689,0.038378887
10890,31,10.447908,0.038378894
10900,31,10.477716,0.038378917
10910,31,10.850714,0.03837892
10920,31,11.522326,0.03837892
10930,31,10.948381,0.03837893
10940,31,10.590985,0.038378946
10950,31,11.359365,0.038378954
10960,31,10.517995,0.038378965
10970,31,10.620611,0.038378976
10980,31,11.1496105,0.038378976
10990,31,11.507036,0.038378984
11000,31,10.335754,0.038379006
11010,31,10.984415,0.038379014
11020,31,10.428618,0.038379032
11030,31,11.079916,0.03837904
11040,31,10.183332,0.038379043
11050,31,11.178918,0.038379066
11060,31,10.703131,0.038379073
11070,31,10.064637,0.038379095
11080,31,10.533243,0.0383791
11090,31,10.758814,0.03837911
11100,31,10.932444,0.038379125
11110,31,11.1971,0.038379133
11120,31,11.354955,0.038379136
11130,31,11.121871,0.038379148
11140,31,10.749353,0.038379163
11150,31,10.920779,0.038379166
11160,31,10.298355,0.03837918
11170,31,10.981933,0.038379185
11180,31,11.325347,0.038379192
11190,31,11.172224,0.03837921
11200,31,11.368631,0.03837922
11210,31,10.652675,0.03837923
11220,31,11.531392,0.038379245
11230,31,10.65514,0.03837925
11240,31,10.765739,0.03837926
11250,31,10.432886,0.038379278
11260,31,11.236337,0.0383793
11270,31,11.675451,0.038379304
11280,31,10.894923,0.03837932
11290,31,10.768667,0.03837933
11300,31,11.078981,0.038379338
11310,31,11.054924,0.038379345
11320,31,11.687156,0.038379364
11330,31,11.035984,0.038379367
11340,31,11.059126,0.03837937
11350,31,11.068922,0.038379382
11360,31,10.911948,0.038379394
11370,31,11.228152,0.0383794
11380,31,10.709892,0.03837942
11390,31,11.17549,0.038379427
11400,31,10.71855,0.03837943
11410,31,11.150131,0.03837945
11420,31,10.319731,0.038379457
11430,31,11.118518,0.038379468
11440,31,11.702044,0.038379487
11450,31,10.754747,0.038379487
11460,31,10.855612,0.038379498
11470,31,10.000224,0.038379513
11480,31,10.501703,0.03837952
11490,31,11.267842,0.03837954
11500,31,10.483289,0.038379543
11510,31,11.642252,0.038379546
11520,31,11.099819,0.03837955
11530,31,10.984678,0.038379572
11540,31,10.619494,0.038379576
11550,31,11.585413,0.038379584
11560,31,10.911082,0.0383796
11570,31,11.0599985,0.038379602
11580,31,11.586106,0.03837961
11590,31,10.231076,0.03837963
11600,31,10.600312,0.038379636
11610,31,10.77163,0.03837964
11620,31,10.700939,0.03837966
11630,31,10.299319,0.03837967
11640,31,10.639719,0.03837969
11650,31,11.159535,0.038379695
11660,31,11.5803585,0.0383797
11670,31,10.783742,0.038379718
11680,31,11.225687,0.038379725
11690,31,10.673239,0.038379747
11700,31,10.7973385,0.038379755
11710,31,10.969141,0.038379755
11720,31,10.303297,0.038379755
11730,31,11.084497,0.03837976
11740,31,11.444628,0.038379777
11750,31,10.988446,0.03837979
11760,31,11.250772,0.03837981
11770,31,10.902539,0.03837982
11780,31,11.31938,0.038379822
11790,31,10.669582,0.038379837
11800,31,10.87734,0.038379844
11810,31,10.885237,0.038379863
11820,31,11.125261,0.038379874
11830,31,10.895411,0.038379885
11840,31,10.555437,0.038379896
11850,31,11.036366,0.0383799
11860,31,10.578551,0.038379908
11870,31,11.251261,0.03837992
11880,31,11.073974,0.03837993
11890,31,10.833262,0.038379934
11900,31,10.787936,0.03837994
11910,31,11.068426,0.03837996
11920,31,10.8639345,0.038379963
11930,31,11.209651,0.038379967
11940,31,10.88654,0.038379975
11950,31,11.440718,0.038379993
11960,31,10.486038,0.038379997
11970,31,11.174102,0.038380016
11980,31,11.022469,0.038380027
11990,31,10.713926,0.03838003
12000,31,11.422478,0.03838005
12010,31,11.115135,0.038380057
12020,31,11.216784,0.03838006
12030,31,10.588103,0.03838008
12040,31,10.037431,0.038380086
12050,31,10.618418,0.03838011
12060,31,10.846827,0.038380116
12070,31,10.797209,0.03838012
12080,31,10.485559,0.03838012
12090,31,11.370497,0.03838014
12100,31,10.598932,0.038380153
12110,31,10.229259,0.03838017
12120,31,10.930897,0.038380172
12130,31,10.303056,0.03838018
12140,31,10.248106,0.038380194
12150,31,10.29654,0.038380202
12160,31,10.7979,0.038380217
12170,31,10.7523365,0.03838023
12180,31,10.105908,0.038380243
12190,31,11.373146,0.038380258
12200,31,10.678859,0.038380265
12210,31,10.560205,0.038380284
12220,31,11.006203,0.03838029
12230,31,10.336387,0.038380306
12240,31,10.433992,0.03838032
12250,31,11.7136345,0.038380332
12260,31,9.9710455,0.038380347
12270,31,10.747644,0.03838035
12280,31,10.895773,0.038380362
12290,31,11.055017,0.03838038
12300,31,10.740565,0.038380392
12310,31,10.860788,0.038380407
12320,31,10.48626,0.038380414
12330,31,10.254671,0.03838043
12340,31,10.3684025,0.03838044
12350,31,9.840108,0.03838045
12360,31,10.939632,0.038380474
12370,31,10.117454,0.038380492
12380,31,10.527105,0.038380504
12390,31,10.203839,0.038380522
12400,31,10.96173,0.038380533
12410,31,10.584645,0.038380556
12420,31,10.263334,0.03838056
12430,31,10.534906,0.03838058
12440,31,10.655443,0.03838059
12450,31,10.396543,0.038380593
12460,31,10.867936,0.038380604
12470,31,11.301768,0.038380615
12480,31,11.041418,0.038380623
12490,31,10.292008,0.038380627
12500,31,10.627073,0.038380634
12510,31,10.583254,0.038380645
12520,31,10.6333885,0.038380653
12530,31,9.958944,0.03838067
12540,31,11.327223,0.038380682
12550,31,10.702289,0.03838069
12560,31,11.148853,0.038380705
12570,31,11.352567,0.03838072
12580,31,10.751805,0.03838074
12590,31,10.701869,0.03838075
12600,31,11.266715,0.038380764
12610,31,11.153021,0.03838077
12620,31,11.164606,0.038380772
12630,31,10.644068,0.03838079
12640,31,10.710024,0.038380794
12650,31,11.057665,0.0383808
12660,31,11.12063,0.03838081
12670,31,11.1473465,0.038380824
12680,31,11.036858,0.038380824
12690,31,10.370914,0.038380828
12700,31,10.456531,0.038380835
12710,31,10.921747,0.03838085
12720,31,10.062154,0.03838086
12730,31,10.240053,0.038380876
12740,31,10.413889,0.038380887
12750,31,10.564882,0.038380895
12760,31,10.226573,0.038380913
12770,31,10.4791565,0.03838092
12780,31,10.588299,0.03838093
12790,31,10.190891,0.038380943
12800,31,10.8386755,0.038380954
12810,31,10.876946,0.038380954
12820,31,11.026826,0.03838096
12830,31,10.024955,0.038380973
12840,31,10.773327,0.038380984
12850,31,10.557832,0.038380995
12860,31,10.861113,0.038381007
12870,31,11.407532,0.03838101
12880,31,10.964058,0.03838103
12890,31,10.731123,0.03838104
12900,31,10.63695,0.038381062
12910,31,11.340543,0.03838107
12920,31,10.999413,0.038381074
12930,31,10.821048,0.038381092
12940,31,10.464247,0.038381096
12950,31,10.673039,0.03838112
12960,31,10.614593,0.038381126
12970,31,10.415269,0.038381137
12980,31,10.413264,0.03838115
12990,31,10.785134,0.03838116
13000,31,10.675653,0.038381178
13010,31,10.80586,0.03838119
13020,31,10.614027,0.038381208
13030,31,10.449224,0.03838121
13040,31,11.3507595,0.03838122
13050,31,10.346215,0.038381226
13060,31,10.824107,0.038381245
13070,31,10.265925,0.038381245
13080,31,11.200938,0.03838125
13090,31,10.484887,0.038381267
13100,31,10.152731,0.038381275
13110,31,10.321697,0.038381286
13120,31,10.420684,0.0383813
13130,31,10.49404,0.038381305
13140,31,10.283809,0.038381327
13150,31,10.223979,0.038381338
13160,31,10.663861,0.03838136
13170,31,10.6953945,0.038381368
13180,31,11.814457,0.038381387
13190,31,10.750517,0.038381394
13200,31,10.802031,0.038381398
13210,31,10.828123,0.03838142
13220,31,11.138147,0.038381424
13230,31,10.246575,0.038381435
13240,31,10.7227545,0.03838145
13250,31,10.2479515,0.03838145
13260,31,10.928262,0.038381454
13270,31,9.931576,0.03838146
13280,31,10.5205145,0.03838148
13290,31,10.578934,0.0383815
13300,31,10.12554,0.038381513
13310,31,10.453968,0.038381517
13320,31,10.304585,0.038381517
13330,31,10.542378,0.038381528
13340,31,10.408717,0.038381543
13350,31,10.149212,0.03838157
13360,31,10.997205,0.038381573
13370,31,10.51501,0.038381577
13380,31,10.453479,0.038381577
13390,31,10.64661,0.038381584
13400,31,10.730192,0.0383816
13410,31,10.502844,0.038381614
13420,31,8.989303,0.03838163
13430,31,10.411578,0.038381636
13440,31,10.578669,0.038381647
13450,31,11.761947,0.038381662
13460,31,10.71229,0.038381662
13470,31,11.206186,0.038381666
13480,31,11.069429,0.038381685
13490,31,10.4748,0.03838169
13500,31,10.303106,0.038381692
13510,31,10.559449,0.0383817
13520,31,10.577741,0.03838171
13530,31,10.464858,0.03838172
13540,31,10.62834,0.03838172
13550,31,10.774557,0.038381726
13560,31,11.202591,0.038381737
13570,31,10.5799055,0.038381748
13580,31,10.538878,0.03838176
13590,31,11.489024,0.03838177
13600,31,10.635267,0.038381778
13610,31,10.2591915,0.038381778
13620,31,10.50107,0.038381785
13630,31,10.719962,0.038381804
13640,31,10.675322,0.038381815
13650,31,10.791281,0.038381815
13660,31,10.118499,0.038381822
13670,31,11.416924,0.038381837
13680,31,10.968784,0.038381837
13690,31,11.131618,0.038381845
13700,31,10.110328,0.038381856
13710,31,10.720331,0.038381875
13720,31,10.243548,0.03838189
13730,31,10.90611,0.0383819
13740,31,10.17062,0.038381904
13750,31,10.311749,0.038381927
13760,31,11.039724,0.038381934
13770,31,10.473812,0.038381934
13780,31,10.315753,0.038381945
13790,31,10.435786,0.03838196
13800,31,11.472876,0.038381983
13810,31,10.552858,0.03838199
13820,31,10.849589,0.038381994
13830,31,10.955727,0.03838199
13840,31,10.853113,0.03838199
13850,31,11.180057,0.038382
13860,31,9.6953745,0.03838202
13870,31,10.961645,0.038382042
13880,31,10.67574,0.038382046
13890,31,11.036072,0.03838205
13900,31,10.449785,0.03838206
13910,31,10.447685,0.03838208
13920,31,9.993756,0.03838209
13930,31,10.784626,0.038382106
13940,31,10.836203,0.03838211
13950,31,10.254153,0.03838211
13960,31,10.733036,0.03838212
13970,31,9.95865,0.03838214
13980,31,10.718493,0.038382147
13990,31,10.585097,0.03838215
14000,31,10.972151,0.03838215
14010,31,10.664317,0.038382154
14020,31,10.963814,0.038382165
14030,31,10.773939,0.038382176
14040,31,10.169412,0.038382195
14050,31,11.03607,0.03838222
14060,31,11.51278,0.038382225
14070,31,10.715289,0.038382225
14080,31,10.870166,0.03838223
14090,31,10.613752,0.038382243
14100,31,10.582844,0.03838226
14110,31,10.278826,0.038382262
14120,31,10.258291,0.03838227
14130,31,10.454358,0.03838228
14140,31,10.466811,0.038382288
14150,31,10.126284,0.0383823
14160,31,10.673353,0.038382318
14170,31,10.091139,0.03838232
14180,31,10.817904,0.038382344
14190,31,10.380697,0.038382348
14200,31,10.434061,0.03838236
14210,31,10.433551,0.038382377
14220,31,10.378729,0.03838238
14230,31,10.371892,0.038382404
14240,31,10.327814,0.03838242
14250,31,10.231895,0.03838243
14260,31,10.332069,0.038382433
14270,31,10.085365,0.038382437
14280,31,10.567972,0.038382452
14290,31,10.167938,0.03838247
14300,31,11.174913,0.03838249
14310,31,9.3615675,0.038382497
14320,31,10.326653,0.038382504
14330,31,10.173068,0.038382523
14340,31,9.69829,0.03838253
14350,31,10.793781,0.038382553
14360,31,10.890832,0.038382567
14370,31,10.891805,0.03838258
14380,31,10.484823,0.03838259
14390,31,10.077984,0.03838261
14400,31,10.444338,0.038382616
14410,31,10.702659,0.03838262
14420,31,10.315261,0.038382616
14430,31,11.71821,0.038382623
14440,31,10.987162,0.03838264
14450,31,10.626487,0.038382642
14460,31,10.379568,0.038382657
14470,31,10.852936,0.03838267
14480,31,10.4128065,0.038382675
14490,31,10.002494,0.038382675
14500,31,10.539287,0.03838268
14510,31,10.163544,0.038382698
14520,31,11.078274,0.038382705
14530,31,11.020241,0.03838271
14540,31,10.239986,0.038382728
14550,31,10.681334,0.03838273
14560,31,10.343428,0.03838274
14570,31,9.958929,0.038382757
14580,31,10.250816,0.038382765
14590,31,10.455562,0.038382776
14600,31,10.433269,0.03838278
14610,31,10.349996,0.03838279
14620,31,10.534764,0.0383828
14630,31,10.521659,0.038382817
14640,31,10.205874,0.03838283
14650,31,11.19698,0.038382847
14660,31,10.21996,0.03838285
14670,31,10.2567425,0.038382854
14680,31,10.796205,0.038382858
14690,31,10.401357,0.03838288
14700,31,10.670481,0.038382888
14710,31,10.7422695,0.0383829
14720,31,10.472042,0.03838291
14730,31,10.098999,0.038382914
14740,31,10.373416,0.038382918
14750,31,11.474901,0.03838293
14760,31,10.254472,0.038382944
14770,31,10.2765045,0.038382947
14780,31,10.918294,0.03838296
14790,31,10.030705,0.038382962
14800,31,9.823534,0.038382974
14810,31,11.743539,0.038382977
14820,31,9.236132,0.038383
14830,31,10.209553,0.03838301
14840,31,10.271887,0.03838303
14850,31,10.854252,0.038383033
14860,31,10.519534,0.038383037
14870,31,10.848005,0.038383044
14880,31,10.63117,0.03838306
14890,31,9.829152,0.038383074
14900,31,10.53844,0.038383093
14910,31,11.213624,0.038383096
14920,31,10.196494,0.0383831
14930,31,10.840464,0.0383831
14940,31,10.567011,0.038383108
14950,31,10.0693865,0.03838312
14960,31,10.297102,0.03838314
14970,31,10.331456,0.038383152
14980,31,10.270148,0.038383152
14990,31,10.100661,0.038383152
15000,32,10.433499,0.038383156
15010,31,9.784178,0.03838318
15020,31,10.545425,0.038383186
15030,31,10.735089,0.038383204
15040,31,10.627546,0.038383212
15050,31,10.49511,0.03838322
15060,31,10.569019,0.038383238
15070,31,10.093311,0.03838324
15080,31,10.046541,0.03838325
15090,31,10.313698,0.038383268
15100,31,10.886434,0.038383268
15110,31,10.830263,0.03838327
15120,31,10.584012,0.038383283
15130,31,10.49544,0.0383833
15140,31,10.21209,0.038383305
15150,31,10.895237,0.038383316
15160,31,10.300008,0.03838333
15170,31,10.730151,0.038383335
15180,31,10.518008,0.038383354
15190,31,10.167835,0.038383365
15200,31,10.169014,0.038383383
15210,31,10.73465,0.03838339
15220,31,10.788622,0.038383394
15230,31,10.037762,0.038383413
15240,31,10.522764,0.03838342
15250,31,9.998667,0.038383435
15260,31,11.353204,0.038383454
15270,31,10.260683,0.038383458
15280,31,10.840403,0.03838346
15290,31,10.3233,0.038383473
15300,31,10.11915,0.038383476
15310,31,10.377642,0.038383488
15320,31,9.805747,0.038383506
15330,31,11.156702,0.038383514
15340,31,9.9358,0.038383517
15350,31,10.654068,0.038383517
15360,31,10.500069,0.038383517
15370,31,9.41037,0.038383532
15380,31,10.486458,0.03838354
15390,31,10.158018,0.03838355
15400,31,9.852378,0.038383566
15410,31,10.687028,0.03838357
15420,31,10.264645,0.038383592
15430,31,10.598656,0.038383596
15440,31,9.786888,0.038383596
15450,31,10.91754,0.038383603
15460,31,10.922762,0.03838362
15470,31,10.225977,0.03838363
15480,31,10.117716,0.038383637
15490,31,9.949563,0.03838365
15500,31,9.840608,0.03838366
15510,31,10.1593685,0.038383678
15520,31,11.416064,0.03838369
15530,31,10.686125,0.038383693
15540,31,10.962163,0.03838371
15550,31,9.672342,0.03838372
15560,31,11.075387,0.03838373
15570,31,10.066188,0.038383745
15580,31,10.316962,0.03838375
15590,31,10.30086,0.038383752
15600,31,9.719285,0.038383774
15610,31,10.700009,0.038383782
15620,31,10.314108,0.03838379
15630,31,10.021384,0.038383804
15640,31,10.250539,0.03838381
15650,31,10.575307,0.03838382
15660,31,10.764391,0.038383834
15670,31,9.7511425,0.03838384
15680,31,10.817419,0.038383845
15690,31,10.519639,0.038383845
15700,31,10.467565,0.03838386
15710,31,10.087806,0.038383868
15720,31,11.075003,0.03838387
15730,31,10.392305,0.038383875
15740,31,10.299717,0.038383882
15750,31,10.35845,0.038383897
15760,31,10.527031,0.0383839
15770,31,10.453384,0.038383923
15780,31,10.971675,0.038383927
15790,31,10.507165,0.038383912
15800,31,10.228238,0.038383923
15810,31,9.962857,0.038383942
15820,31,10.93018,0.03838396
15830,31,10.7541065,0.03838398
15840,31,9.825378,0.038383983
15850,31,10.652784,0.038383983
15860,31,9.950693,0.038383987
15870,31,9.821295,0.03838401
15880,31,10.274373,0.03838402
15890,31,11.013445,0.038384043
15900,31,10.5865965,0.038384046
15910,31,10.487143,0.03838405
15920,31,10.1844635,0.03838406
15930,31,9.95275,0.038384076
15940,31,10.058383,0.038384095
15950,31,10.216143,0.038384106
15960,31,10.733672,0.03838411
15970,31,11.005953,0.03838413
15980,31,10.216326,0.038384136
15990,31,10.511202,0.038384143
16000,31,10.903805,0.03838416
16010,31,10.920996,0.03838417
16020,31,10.379674,0.038384173
16030,31,10.657622,0.038384188
16040,31,10.923912,0.038384195
16050,31,11.0300045,0.0383842
16060,31,10.351912,0.03838421
16070,31,10.271637,0.03838422
16080,31,10.128714,0.03838423
16090,31,10.289414,0.03838425
16100,31,10.419097,0.03838426
16110,31,10.166677,0.03838428
16120,31,10.284866,0.03838429
16130,31,10.591017,0.038384292
16140,31,11.416201,0.0383843
16150,31,10.277082,0.03838431
16160,31,10.192734,0.03838433
16170,31,10.585677,0.038384344
16180,31,9.602757,0.03838437
16190,31,10.784983,0.038384374
16200,31,10.572593,0.038384378
16210,31,10.537325,0.038384378
16220,31,10.575293,0.038384404
16230,31,10.39414,0.038384426
16240,31,10.522551,0.038384438
16250,31,10.259024,0.03838445
16260,31,10.320478,0.03838446
16270,31,10.428415,0.038384467
16280,31,10.820316,0.038384486
16290,31,10.987341,0.038384497
16300,31,10.744379,0.0383845
16310,31,10.624211,0.03838451
16320,31,10.1668825,0.03838452
16330,31,9.750314,0.038384527
16340,31,10.144135,0.03838454
16350,31,10.288412,0.038384553
16360,31,10.210966,0.038384564
16370,31,9.801846,0.038384568
16380,31,10.733055,0.03838458
16390,31,10.926904,0.03838458
16400,31,10.524888,0.038384587
16410,31,10.629194,0.038384605
16420,31,10.8565645,0.038384613
16430,31,10.605479,0.038384616
16440,31,10.522575,0.038384635
16450,31,10.469454,0.03838464
16460,31,10.329766,0.03838464
16470,31,10.209919,0.038384646
16480,31,10.360474,0.038384665
16490,31,9.460243,0.038384672
16500,31,10.968018,0.038384683
16510,31,9.538778,0.0383847
16520,31,10.684905,0.038384702
16530,31,9.991785,0.038384713
16540,31,10.136228,0.038384724
16550,31,10.119128,0.038384736
16560,31,10.356927,0.03838474
16570,31,10.463102,0.038384758
16580,31,10.482519,0.03838476
16590,31,10.487461,0.03838477
16600,31,9.860461,0.038384788
16610,31,11.0919895,0.038384795
16620,31,9.78713,0.038384818
16630,31,9.630209,0.03838482
16640,31,10.2425785,0.038384825
16650,31,10.145838,0.038384836
16660,31,10.519177,0.038384847
16670,31,9.879796,0.038384855
16680,31,10.088038,0.038384866
16690,31,10.186468,0.038384877
16700,31,11.160859,0.03838488
16710,31,10.251535,0.03838489
16720,31,9.621565,0.038384907
16730,31,9.682949,0.038384914
16740,31,9.619129,0.038384918
16750,31,10.760666,0.038384933
16760,31,10.075773,0.03838494
16770,31,10.098665,0.038384955
16780,31,10.175222,0.03838497
16790,31,10.3699465,0.038384974
16800,31,10.958338,0.03838498
16810,31,10.253773,0.038384996
16820,31,10.440299,0.038385004
16830,31,10.13153,0.038385026
16840,31,9.674791,0.038385026
16850,31,10.535292,0.038385034
16860,31,9.875036,0.038385052
16870,31,10.409115,0.03838506
16880,31,10.018633,0.038385067
16890,31,9.97098,0.03838507
16900,31,10.757614,0.038385086
16910,31,10.310265,0.038385093
16920,31,10.303363,0.038385116
16930,31,10.3757305,0.038385123
16940,31,10.502901,0.03838514
16950,31,10.54397,0.038385145
16960,31,10.6719,0.038385145
16970,31,10.434833,0.03838515
16980,31,9.420201,0.038385153
16990,31,10.979209,0.038385175
17000,31,10.616192,0.038385186
17010,31,9.944453,0.038385186
17020,31,10.204668,0.038385186
17030,31,9.907248,0.0383852
17040,31,10.058113,0.038385212
17050,31,10.271647,0.03838523
17060,31,10.905386,0.03838524
17070,31,10.553644,0.038385242
17080,31,10.138319,0.03838525
17090,31,9.498827,0.038385265
17100,31,10.387784,0.038385272
17110,31,10.854723,0.038385276
17120,31,10.218821,0.038385287
17130,31,9.993902,0.038385298
17140,31,9.978754,0.0383853
17150,31,9.893526,0.03838532
17160,31,10.621846,0.038385328
17170,31,10.012888,0.03838533
17180,31,9.632257,0.038385354
17190,31,11.221298,0.038385358
17200,31,9.816543,0.038385373
17210,31,10.317373,0.038385384
17220,31,9.752653,0.03838539
17230,31,10.547965,0.038385414
17240,31,10.089378,0.03838543
17250,31,10.280034,0.038385443
17260,31,10.285016,0.038385447
17270,31,10.077622,0.03838545
17280,31,10.34543,0.038385462
17290,31,10.650645,0.038385473
17300,31,9.506047,0.038385477
17310,31,9.698534,0.038385488
17320,31,9.875649,0.038385503
17330,31,9.946109,0.03838551
17340,31,10.665876,0.03838552
17350,31,10.439442,0.038385533
17360,31,11.086876,0.038385537
17370,31,10.165391,0.038385533
17380,31,10.052722,0.038385537
17390,31,10.505585,0.03838554
17400,31,10.450461,0.038385566
17410,31,10.024979,0.038385577
17420,31,10.509962,0.038385592
17430,31,10.344006,0.038385592
17440,31,10.404235,0.038385592
17450,31,10.768334,0.038385592
17460,31,10.71063,0.0383856
17470,31,10.40224,0.038385622
17480,31,9.925716,0.03838563
17490,31,10.061861,0.038385637
17500,31,9.930353,0.038385652
17510,31,9.613988,0.03838566
17520,31,10.116073,0.038385678
17530,31,10.576012,0.038385686
17540,31,10.598017,0.03838569
17550,31,10.112154,0.038385704
17560,31,10.8863125,0.038385715
17570,31,10.897294,0.03838573
17580,31,10.257659,0.03838574
17590,31,9.594331,0.038385738
17600,31,10.94,0.03838574
17610,31,10.098974,0.038385745
17620,31,10.240723,0.03838575
17630,31,10.18053,0.038385756
17640,31,9.736736,0.03838577
17650,31,10.108442,0.038385775
17660,31,10.224195,0.03838579
17670,31,10.308037,0.0383858
17680,31,10.74837,0.038385805
17690,31,10.34981,0.038385812
17700,31,9.812805,0.03838583
17710,31,10.834834,0.038385842
17720,31,10.321226,0.038385857
17730,31,9.903182,0.03838586
17740,31,10.463762,0.038385868
17750,31,10.05382,0.038385876
17760,31,11.099527,0.038385887
17770,31,10.527168,0.038385894
17780,31,10.6620865,0.0383859
17790,31,10.345952,0.0383859
17800,31,9.824866,0.038385917
17810,31,10.254702,0.03838592
17820,31,10.666267,0.038385928
17830,31,10.690973,0.038385946
17840,31,10.226746,0.038385954
17850,31,9.510481,0.038385954
17860,31,9.744923,0.038385957
17870,31,9.896002,0.038385976
17880,31,10.726676,0.038385984
17890,31,10.88105,0.038385987
17900,31,10.197298,0.038385995
17910,31,10.119362,0.03838601
17920,31,10.632659,0.038386017
17930,31,9.959305,0.038386025
17940,31,9.930172,0.038386036
17950,31,10.086752,0.038386043
17960,31,10.13706,0.03838605
17970,31,10.05631,0.03838606
17980,31,10.210115,0.03838607
17990,31,10.530699,0.038386077
18000,31,10.9641905,0.0383861
18010,31,10.386053,0.038386103
18020,31,9.64366,0.038386106
18030,31,10.25828,0.03838613
18040,31,9.903064,0.038386136
18050,31,9.392306,0.03838614
18060,31,10.812066,0.038386155
18070,31,10.228453,0.038386162
18080,31,10.219363,0.038386166
18090,31,9.993978,0.038386185
18100,31,10.714914,0.038386192
18110,31,9.84134,0.038386196
18120,31,10.257212,0.038386215
18130,31,10.288254,0.038386222
18140,31,10.569986,0.03838623
18150,31,10.548301,0.03838623
18160,31,10.421198,0.038386244
18170,31,10.103563,0.03838625
18180,31,9.859655,0.038386267
18190,31,9.796775,0.038386278
18200,31,10.13409,0.03838629
18210,31,9.719244,0.038386304
18220,31,9.853064,0.03838631
18230,31,10.100686,0.038386323
18240,31,9.909726,0.038386337
18250,31,9.836169,0.03838634
18260,31,10.045678,0.038386345
18270,31,10.5660305,0.03838635
18280,31,9.728076,0.038386352
18290,31,10.832317,0.038386367
18300,31,9.978685,0.03838637
18310,31,10.14193,0.038386375
18320,31,10.073301,0.038386382
18330,31,9.754297,0.038386393
18340,31,10.492932,0.0383864
18350,31,10.740218,0.0383864
18360,31,9.976743,0.038386405
18370,31,9.530246,0.038386412
18380,31,10.042681,0.038386427
18390,31,9.568973,0.038386434
18400,31,9.933278,0.038386457
18410,31,10.762934,0.03838646
18420,31,9.814352,0.038386464
18430,31,10.407059,0.03838647
18440,31,10.697825,0.038386483
18450,31,10.938513,0.03838649
18460,31,10.057829,0.038386494
18470,31,10.800796,0.038386494
18480,31,10.182428,0.038386498
18490,31,10.421545,0.038386505
18500,31,9.276125,0.038386516
18510,31,9.895537,0.038386524
18520,31,10.220919,0.03838653
18530,31,10.090145,0.038386535
18540,31,11.035288,0.038386546
18550,31,10.195284,0.038386554
18560,31,8.9003,0.03838656
18570,31,10.734215,0.03838658
18580,31,9.786217,0.038386583
18590,31,9.608192,0.038386602
18600,31,10.340084,0.03838661
18610,31,10.376816,0.03838662
18620,31,10.104517,0.038386635
18630,31,10.314893,0.038386643
18640,31,9.834363,0.03838665
18650,31,10.280417,0.038386658
18660,31,10.136785,0.038386665
18670,31,9.514157,0.038386673
18680,31,9.936877,0.038386695
18690,31,9.416601,0.038386703
18700,31,10.115049,0.03838671
18710,31,10.168979,0.038386725
18720,31,9.859741,0.03838673
18730,31,10.433269,0.038386732
18740,31,10.370268,0.03838674
18750,31,10.181105,0.03838676
18760,31,10.091486,0.038386762
18770,31,9.958443,0.03838678
18780,31,9.87808,0.03838679
18790,31,10.034118,0.038386796
18800,31,10.003376,0.03838681
18810,31,9.813005,0.038386814
18820,31,9.950357,0.03838682
18830,31,9.773724,0.038386844
18840,31,10.6089,0.038386848
18850,31,10.276091,0.038386863
18860,31,10.12649,0.038386874
18870,31,10.503988,0.03838688
18880,31,10.785889,0.03838689
18890,31,9.876737,0.038386904
18900,31,10.035118,0.03838692
18910,31,10.268526,0.038386934
18920,31,10.711331,0.038386937
18930,31,9.978286,0.038386937
18940,31,10.84962,0.038386937
18950,31,10.741482,0.038386945
18960,31,10.132484,0.03838696
18970,31,10.202466,0.038386967
18980,31,10.655342,0.038386974
18990,31,9.832078,0.03838699
19000,31,9.923149,0.038386997
19010,31,10.556706,0.038386997
19020,31,9.916725,0.038386997
19030,31,9.723654,0.038387008
19040,31,10.646572,0.038387023
19050,31,10.040918,0.03838703
19060,31,10.407362,0.03838703
19070,31,10.056693,0.03838705
19080,31,10.593738,0.038387053
19090,31,10.530718,0.038387056
19100,31,9.695658,0.03838706
19110,31,10.072508,0.038387064
19120,31,10.285728,0.03838708
19130,31,9.86047,0.038387086
19140,31,10.038099,0.038387097
19150,31,9.312564,0.038387112
19160,31,10.012453,0.03838712
19170,31,10.020958,0.038387123
19180,31,10.083539,0.038387142
19190,31,9.702377,0.038387157
19200,31,9.953073,0.038387176
19210,31,11.006105,0.03838718
19220,31,9.875536,0.03838718
19230,31,10.2649,0.03838718
19240,31,10.355306,0.0383872
19250,31,9.930869,0.03838721
19260,31,10.419016,0.038387217
19270,31,9.695261,0.038387228
19280,31,10.036573,0.03838723
19290,31,9.717911,0.038387235
19300,31,10.005847,0.038387243
19310,31,9.567213,0.03838726
19320,31,10.096936,0.03838727
19330,31,9.814627,0.03838728
19340,31,10.572416,0.038387287
19350,31,9.830664,0.0383873
19360,31,9.993341,0.038387317
19370,31,9.624895,0.03838733
19380,31,10.515059,0.038387332
19390,31,10.499952,0.03838734
19400,31,10.3046255,0.03838735
19410,31,10.1343975,0.03838736
19420,31,10.212898,0.038387366
19430,31,10.263227,0.03838738
19440,31,9.828234,0.038387388
19450,31,10.15478,0.038387407
19460,31,10.211611,0.03838741
19470,31,9.725264,0.03838741
19480,31,9.93972,0.038387414
19490,31,9.754186,0.038387414
19500,31,9.494191,0.038387418
19510,31,10.276294,0.038387436
19520,31,9.762887,0.038387444
19530,31,10.070444,0.038387448
19540,31,10.603834,0.03838745
19550,31,10.12641,0.038387448
19560,31,10.36259,0.038387448
19570,31,10.613413,0.03838746
19580,31,9.893553,0.03838747
19590,31,10.553793,0.038387477
19600,31,10.26719,0.03838749
19610,31,9.969118,0.0383875
19620,31,10.137627,0.038387503
19630,31,9.981159,0.038387507
19640,31,9.964365,0.038387526
19650,31,10.437078,0.03838753
19660,31,10.668747,0.038387537
19670,31,10.360369,0.038387552
19680,31,9.751204,0.038387567
19690,31,9.999809,0.038387585
19700,31,10.239732,0.038387593
19710,31,9.846434,0.038387597
19720,31,10.1539135,0.038387597
19730,31,9.664641,0.038387604
19740,31,10.005812,0.038387623
19750,31,10.537437,0.03838765
19760,31,9.7735195,0.03838766
19770,31,9.767122,0.038387675
19780,31,9.384998,0.03838768
19790,31,10.24103,0.038387686
19800,31,10.027482,0.03838769
19810,31,10.677391,0.038387705
19820,31,9.907541,0.038387712
19830,31,10.081497,0.038387727
19840,31,10.680707,0.038387742
19850,31,9.447168,0.03838775
19860,31,10.287695,0.038387753
19870,31,10.29342,0.038387764
19880,31,10.601931,0.038387768
19890,31,9.66809,0.038387775
19900,31,9.744272,0.038387798
19910,31,9.380348,0.0383878
19920,31,10.592273,0.038387824
19930,31,10.240249,0.038387835
19940,31,9.531454,0.03838784
19950,31,9.233984,0.038387854
19960,31,10.241448,0.038387865
19970,31,9.149024,0.038387883
19980,31,10.260653,0.03838789
19990,31,9.702601,0.038387895
